Priya,28,F,priya@gmail.com
Rahul,25,M,rahul@gmail.com
Anjali,30,F,anjali@gmail.com
Vikram,27,M,vikram@gmail.com
Aisha,24,F,aisha@gmail.com
Rohan,29,M,rohan@gmail.com
Nisha,26,F,nisha@gmail.com
Amit,31,M,amit@gmail.com
Kavita,23,F,kavita@gmail.com
Karan,33,M,karan@gmail.com
Sonia,21,F,sonia@gmail.com
Ajay,34,M,ajay@gmail.com
Pooja,20,F,pooja@gmail.com
Ravi,35,M,ravi@gmail.com
Divya,19,F,divya@gmail.com
Arjun,36,M,arjun@gmail.com
Meera,22,F,meera@gmail.com
Siddharth,28,M,siddharth@gmail.com
Sneha,25,F,sneha@gmail.com
Harsh,32,M,harsh@gmail.com
Reena,27,F,reena@gmail.com
Manish,29,M,manish@gmail.com